model_name,split,threshold,precision,recall,f1,specificity,approval_rate,true_negative,false_positive,false_negative,true_positive,default_loss_exposure,rejected_good_ead,opportunity_cost_rate_assumption,total_cost_proxy
Logistic Regression,validation,0.01,0.0821351545650611,1.0,0.1518020262414881,0.0,0.0,0,5107,0,457,0.0,16973954342.87,0.02,339479086.8574
Logistic Regression,validation,0.02,0.0821499191083947,1.0,0.1518272425249169,0.0001958096729978,0.0001797268152408,1,5106,0,457,0.0,16970339681.740002,0.02,339406793.6348
Logistic Regression,validation,0.03,0.083090909090909,1.0,0.1534329360416317,0.0125318190718621,0.0115025161754134,64,5043,0,457,0.0,16732757217.47,0.02,334655144.34940004
Logistic Regression,validation,0.04,0.0859668924003009,1.0,0.1583232288238351,0.0485607989034658,0.0445722501797267,248,4859,0,457,0.0,16073478358.22,0.02,321469567.16440004
Logistic Regression,validation,0.05,0.0889980353634577,0.9912472647702408,0.1633315305570578,0.0920305463089876,0.0851905104241552,470,4637,4,453,2440741.039773,15295160437.89,0.02,308343949.797573
Logistic Regression,validation,0.06,0.0931869952371091,0.9846827133479212,0.170261066969353,0.1425494419424319,0.1320992092020129,728,4379,7,450,7428487.996263001,14483784091.72,0.02,297104169.8306631
Logistic Regression,validation,0.07,0.0982417582417582,0.9781181619256016,0.1785500299580587,0.1965929116898374,0.1822429906542055,1004,4103,10,447,10188310.671177,13454117715.3,0.02,279270664.977177
Logistic Regression,validation,0.08,0.1023310023310023,0.9606126914660832,0.1849589214240573,0.2459369492852947,0.2289719626168224,1256,3851,18,439,29628700.431546003,12628675319.53,0.02,282202206.82214594
Logistic Regression,validation,0.09,0.1070029382957884,0.9562363238512036,0.1924686192468619,0.2858821225768553,0.2659956865564342,1460,3647,20,437,30108066.640645005,11756640703.62,0.02,265240880.71304503
Logistic Regression,validation,0.1,0.1105978958172953,0.9431072210065644,0.1979788700045934,0.3213236733894654,0.2996046010064701,1641,3466,26,431,51407250.196398005,11113908720.96,0.02,273685424.615598
Logistic Regression,validation,0.11,0.1158123135340385,0.9343544857768052,0.206081081081081,0.3616604660270217,0.3373472322070453,1847,3260,30,427,54836348.271966,10396901092.02,0.02,262774370.112366
Logistic Regression,validation,0.12,0.1190340909090909,0.9168490153172868,0.210711591651999,0.3927942040336792,0.3673616103522645,2006,3101,38,419,64104944.04528601,9899815677.85,0.02,262101257.602286
Logistic Regression,validation,0.13,0.1243632004794725,0.9080962800875274,0.2187664733790195,0.4278441355002937,0.4002516175413372,2185,2922,42,415,68651855.85642801,9314821109.41,0.02,254948278.044628
Logistic Regression,validation,0.14,0.130050505050505,0.901531728665208,0.2273103448275862,0.4603485412179361,0.430625449317038,2351,2756,45,412,75519645.23201,8735493870.61,0.02,250229522.64421
Logistic Regression,validation,0.15,0.136516476126429,0.888402625820569,0.2366656951326144,0.4971607597415312,0.4654924514737598,2539,2568,51,406,84717649.258578,8133331530.85,0.02,247384279.875578
Logistic Regression,validation,0.16,0.1458559536735432,0.8818380743982495,0.2503105590062112,0.5378891717250832,0.5034148094895758,2747,2360,54,403,129394596.84166698,7349195359.71,0.02,276378504.035867
Logistic Regression,validation,0.17,0.1543233811554866,0.8708971553610503,0.2621870882740448,0.5729391031916977,0.5364845434938893,2926,2181,59,398,135669171.64055198,6791384537.41,0.02,271496862.388752
Logistic Regression,validation,0.18,0.1630794701986755,0.862144420131291,0.2742777584406544,0.6040728411983552,0.5657800143781453,3085,2022,63,394,138253399.964809,6341688902.43,0.02,265087178.01340905
Logistic Regression,validation,0.19,0.1706888986397542,0.8512035010940919,0.2843567251461988,0.6299197180340709,0.5904025880661394,3217,1890,68,389,151821360.624696,5954445225.97,0.02,270910265.144096
Logistic Regression,validation,0.2,0.1806663538244955,0.8424507658643327,0.2975270479134467,0.6581163109457607,0.6170021567217829,3361,1746,72,385,167419189.732875,5593888065.77,0.02,279296951.048275
Logistic Regression,validation,0.21,0.1875311720698254,0.8227571115973742,0.3054427294882209,0.6810260426865087,0.6396477354421279,3478,1629,81,376,176833029.45128998,5301923231.47,0.02,282871494.08069
Logistic Regression,validation,0.22,0.1979722518676627,0.811816192560175,0.3183183183183183,0.7056980614842373,0.6631919482386772,3604,1503,86,371,179924497.854726,4812881312.55,0.02,276182124.105726
Logistic Regression,validation,0.23,0.2094211123723042,0.8074398249452954,0.3325822442541685,0.7272371255140004,0.6833213515456507,3714,1393,88,369,186483435.925238,4541186972.129999,0.02,277307175.367838
Logistic Regression,validation,0.24,0.218335343787696,0.7921225382932167,0.3423167848699763,0.7462306637947914,0.7020129403306974,3811,1296,95,362,197145804.187606,4291242713.57,0.02,282970658.45900595
Logistic Regression,validation,0.25,0.2263556116015132,0.7855579868708972,0.351443954968184,0.7597415312316429,0.7149532710280374,3880,1227,98,359,201734739.782842,4011043201.98,0.02,281955603.822442
Logistic Regression,validation,0.26,0.2354903268845897,0.7724288840262582,0.3609406952965235,0.7756021147444684,0.7305895039539899,3961,1146,104,353,217869734.185478,3816644436.44,0.02,294202622.91427803
Logistic Regression,validation,0.27,0.2410651716888577,0.7527352297592997,0.3651804670912951,0.7879381241433326,0.7435298346513299,4024,1083,113,344,231006336.657518,3661762332.31,0.02,304241583.30371803
Logistic Regression,validation,0.28,0.2509197939661516,0.7461706783369803,0.3755506607929515,0.8006657528881926,0.7557512580877067,4089,1018,116,341,232238493.718872,3521970171.8500004,0.02,302677897.155872
Logistic Regression,validation,0.29,0.2605687932359723,0.7417943107221007,0.3856655290102389,0.8116310945760721,0.766175413371675,4145,962,118,339,236598756.82865703,3337671121.12,0.02,303352179.251057
Logistic Regression,validation,0.3,0.2686084142394822,0.7264770240700219,0.3922031896042528,0.8229880556099471,0.7778576563623293,4203,904,125,332,246684012.082406,3101062220.2,0.02,308705256.486406
Logistic Regression,validation,0.31,0.2792096219931271,0.7111597374179431,0.4009870450339297,0.8357156843548071,0.7907979870596693,4268,839,132,325,261049731.430879,2909608726.92,0.02,319241905.969279
Logistic Regression,validation,0.32,0.2883046237533998,0.6958424507658644,0.4076923076923077,0.8462894066966908,0.8017613227893602,4322,785,139,318,300714022.230407,2619421214.53,0.02,353102446.521007
Logistic Regression,validation,0.33,0.293119698397738,0.6805251641137856,0.4097496706192358,0.8531427452516154,0.8093098490294752,4357,750,146,311,304664549.128984,2536230473.09,0.02,355389158.59078395
Logistic Regression,validation,0.34,0.296551724137931,0.6586433260393874,0.4089673913043478,0.8601918934795378,0.8175772825305536,4393,714,156,301,319953689.14101094,2421086673.28,0.02,368375422.60661095
Logistic Regression,validation,0.35,0.3062692702980473,0.6520787746170679,0.4167832167832168,0.8678284707264539,0.8251258087706685,4432,675,159,298,322081512.7847,2222846112.7,0.02,366538435.0387
Logistic Regression,validation,0.36,0.3159574468085106,0.649890590809628,0.4251968503937008,0.874094380262385,0.8310567936736161,4464,643,160,297,324243721.152396,2110216651.9,0.02,366448054.190396
Logistic Regression,validation,0.37,0.322072072072072,0.6258205689277899,0.4252788104089219,0.8821225768552966,0.8404025880661394,4505,602,171,286,337019371.981095,2003693634.37,0.02,377093244.668495
Logistic Regression,validation,0.38,0.3286549707602339,0.6148796498905909,0.4283536585365853,0.8876052476992363,0.846333572969087,4533,574,176,281,341039532.1999389,1916390829.76,0.02,379367348.79513896
Logistic Regression,validation,0.39,0.3390875462392108,0.6017505470459519,0.4337539432176656,0.8950460152731545,0.8542415528396836,4571,536,182,275,379150529.350324,1818130684.07,0.02,415513143.031724
Logistic Regression,validation,0.4,0.3492884864165588,0.5908096280087527,0.4390243902439024,0.9015077344820834,0.8610711718188353,4604,503,187,270,385583413.7943381,1687818307.4,0.02,419339779.9423381
Logistic Regression,validation,0.41,0.3505434782608695,0.5645514223194749,0.432523051131601,0.9064029763070296,0.8677210639827462,4629,478,199,258,437600914.0742571,1610140154.28,0.02,469803717.1598571
Logistic Regression,validation,0.42,0.3642857142857142,0.5579868708971554,0.4407951598962835,0.9128646955159584,0.8741912293314162,4662,445,202,255,440014599.55902,1546303657.17,0.02,470940672.70242006
Logistic Regression,validation,0.43,0.3692077727952167,0.5404814004376368,0.4387211367673179,0.9173683179949088,0.8797627606038821,4685,422,210,247,453338375.83609307,1460985912.51,0.02,482558094.086293
Logistic Regression,validation,0.44,0.3811802232854864,0.5229759299781181,0.4409594095940959,0.9240258468768358,0.8873112868439972,4719,388,218,239,458999848.389015,1361214194.79,0.02,486224132.284815
Logistic Regression,validation,0.45,0.3921901528013582,0.5054704595185996,0.4416826003824092,0.9299001370667712,0.8941409058231489,4749,358,226,231,469842357.50727,1221313707.81,0.02,494268631.66347
Logistic Regression,validation,0.46,0.4068100358422939,0.4967177242888402,0.4472906403940886,0.9351869982377128,0.8997124370956147,4776,331,230,227,475016720.907797,1122321952.6999998,0.02,497463159.961797
Logistic Regression,validation,0.47,0.4125475285171102,0.474835886214442,0.4415055951169888,0.9394948110436656,0.9054636951833214,4798,309,240,217,489395170.531985,1037307905.46,0.02,510141328.641185
Logistic Regression,validation,0.48,0.4104627766599598,0.4463894967177242,0.4276729559748428,0.9426277658116312,0.9106757728253057,4814,293,253,204,510285638.367031,1014195154.2899998,0.02,530569541.452831
Logistic Regression,validation,0.49,0.4186046511627907,0.4332603938730853,0.4258064516129032,0.9461523399255924,0.9149892163910855,4832,275,259,198,519944453.98346,899534165.93,0.02,537935137.30206
Logistic Regression,validation,0.5,0.4222222222222222,0.4157549234135667,0.4189636163175303,0.94908948502056,0.9191229331416249,4847,260,267,190,528290039.197596,857730674.9099998,0.02,545444652.6957959
Logistic Regression,validation,0.51,0.4335664335664335,0.4070021881838074,0.4198645598194131,0.9524182494615234,0.9228971962616822,4864,243,271,186,541035870.441417,796954992.6499999,0.02,556974970.294417
Logistic Regression,validation,0.52,0.4447174447174447,0.3960612691466083,0.4189814814814814,0.9557470139024868,0.9268511861969806,4881,226,276,181,549168288.727759,766149262.69,0.02,564491273.981559
Logistic Regression,validation,0.53,0.4498714652956298,0.3829321663019693,0.4137115839243498,0.958096729978461,0.9300862688713156,4893,214,282,175,554381132.960947,734954339.99,0.02,569080219.7607471
Logistic Regression,validation,0.54,0.455026455026455,0.3763676148796498,0.4119760479041916,0.9596632073624436,0.9320632638389648,4901,206,285,172,578232344.299115,715112206.6699998,0.02,592534588.4325149
Logistic Regression,validation,0.55,0.4502762430939226,0.3566739606126914,0.398046398046398,0.9610338750734286,0.9349388928828182,4908,199,294,163,590885558.7691109,684531021.3499999,0.02,604576179.196111
Logistic Regression,validation,0.56,0.4555873925501432,0.3479212253829322,0.3945409429280397,0.9627961621304092,0.9372753414809488,4917,190,298,159,602290969.8740599,652813893.73,0.02,615347247.74866
Logistic Regression,validation,0.57,0.4658753709198813,0.3435448577680525,0.3954659949622166,0.9647542588603876,0.939432063263839,4927,180,300,157,604120563.4854679,632965071.55,0.02,616779864.9164679
Logistic Regression,validation,0.58,0.4783950617283951,0.3391684901531728,0.3969270166453265,0.966908165263364,0.94176851186197,4938,169,302,155,610647006.763278,613053162.51,0.02,622908070.013478
Logistic Regression,validation,0.59,0.4850498338870432,0.3194748358862144,0.3852242744063324,0.9696495006853338,0.9459022286125088,4952,155,311,146,615477342.5539839,536032553.3899999,0.02,626197993.621784
Logistic Regression,validation,0.6,0.4964788732394366,0.3085339168490153,0.3805668016194332,0.971999216761308,0.9489575844716032,4964,143,316,141,630209505.804238,423677868.55,0.02,638683063.175238
Logistic Regression,validation,0.61,0.4909090909090909,0.2954048140043763,0.3688524590163934,0.9725866457803016,0.9505751258087708,4967,140,322,135,636786585.431116,420171967.44,0.02,645190024.7799159
Logistic Regression,validation,0.62,0.4962406015037593,0.2888402625820569,0.3651452282157676,0.9737615038182886,0.9521926671459382,4973,134,325,132,638046704.4256109,411263916.84,0.02,646271982.7624109
Logistic Regression,validation,0.63,0.5,0.2778993435448578,0.3572433192686357,0.9751321715292736,0.954349388928828,4980,127,330,127,644714253.8658309,364296451.7600001,0.02,652000182.9010309
Logistic Regression,validation,0.64,0.4979919678714859,0.2713347921225383,0.3512747875354107,0.9755237908752692,0.9552480230050324,4982,125,333,124,647351819.040949,341206777.70000005,0.02,654175954.594949
Logistic Regression,validation,0.65,0.5042735042735043,0.2582056892778993,0.341534008683068,0.97728607793225,0.9579439252336448,4991,116,339,118,653120964.002151,327952269.71000004,0.02,659680009.396351
Logistic Regression,validation,0.66,0.5044642857142857,0.2472647702407002,0.3318649045521292,0.978265126297239,0.9597411933860532,4996,111,344,113,659829326.3124919,305297760.04999995,0.02,665935281.5134919
Logistic Regression,validation,0.67,0.5142857142857142,0.2363238512035011,0.3238380809595202,0.9800274133542196,0.9622573687994248,5005,102,349,108,674648273.518601,271215265.53,0.02,680072578.829201
Logistic Regression,validation,0.68,0.5177664974619289,0.2231947483588621,0.3119266055045872,0.9813980810652048,0.9645938173975556,5012,95,355,102,676719760.388926,257147444.23999995,0.02,681862709.273726
Logistic Regression,validation,0.69,0.5243243243243243,0.212253829321663,0.3021806853582554,0.9827687487761896,0.9667505391804456,5019,88,360,97,683709183.3636191,240479006.22,0.02,688518763.4880191
Logistic Regression,validation,0.7,0.5502958579881657,0.2035010940919037,0.2971246006389776,0.9851184648521636,0.969626168224299,5031,76,364,93,691418430.0759811,186340006.5,0.02,695145230.2059811
Logistic Regression,validation,0.71,0.5641025641025641,0.1925601750547046,0.2871125611745513,0.9866849422361464,0.97196261682243,5039,68,369,88,697943594.8409649,157923409.6,0.02,701102063.032965
Logistic Regression,validation,0.72,0.5899280575539568,0.1794310722100656,0.2751677852348993,0.9888388486391227,0.975017972681524,5050,57,375,82,714295075.844499,128401817.59000002,0.02,716863112.196299
Logistic Regression,validation,0.73,0.5901639344262295,0.1575492341356674,0.2487046632124352,0.9902095163501076,0.9780733285406182,5057,50,385,72,736365777.417079,114559402.54,0.02,738656965.4678789
Logistic Regression,validation,0.74,0.6146788990825688,0.1466083150984682,0.2367491166077738,0.9917759937340904,0.9804097771387492,5065,42,390,67,739096847.59274,83834913.22,0.02,740773545.8571401
Logistic Regression,validation,0.75,0.6382978723404256,0.1312910284463894,0.2177858439201452,0.9933424711180732,0.9831056793673616,5073,34,397,60,759422413.547188,74964526.48,0.02,760921704.0767881
Logistic Regression,validation,0.76,0.686046511627907,0.1291028446389496,0.2173112338858195,0.9947131388290582,0.9845434938892884,5080,27,398,59,760236696.4785931,70639187.95,0.02,761649480.237593
Logistic Regression,validation,0.77,0.6794871794871795,0.1159737417943107,0.1981308411214953,0.9951047581750538,0.985981308411215,5082,25,404,53,763401679.858244,66562796.84,0.02,764732935.795044
Logistic Regression,validation,0.78,0.671875,0.0940919037199124,0.165067178502879,0.9958879968670452,0.9884974838245866,5086,21,414,43,783822240.151818,54398747.62,0.02,784910215.104218
Logistic Regression,validation,0.79,0.6842105263157895,0.0853391684901531,0.1517509727626459,0.9964754258860388,0.9897555715312724,5089,18,418,39,791985540.9576089,33985514.739999995,0.02,792665251.252409
Logistic Regression,validation,0.8,0.7045454545454546,0.0678336980306345,0.12375249500998,0.997454474251028,0.9920920201294032,5094,13,426,31,806677736.18195,28293149.35,0.02,807243599.16895
Logistic Regression,validation,0.81,0.7142857142857143,0.0547045951859956,0.1016260162601626,0.9980419032700216,0.9937095614665707,5097,10,432,25,814473305.209842,18913334.36,0.02,814851571.8970419
Logistic Regression,validation,0.82,0.6875,0.0481400437636761,0.0899795501022494,0.9980419032700216,0.9942487419122932,5097,10,435,22,815181816.0769949,18913334.36,0.02,815560082.7641948
Logistic Regression,validation,0.83,0.6774193548387096,0.0459518599562363,0.0860655737704918,0.9980419032700216,0.994428468727534,5097,10,436,21,816920283.02517,18913334.36,0.02,817298549.7123699
Logistic Regression,validation,0.84,0.6666666666666666,0.0437636761487965,0.082135523613963,0.9980419032700216,0.994608195542775,5097,10,437,20,816947491.2241111,18913334.36,0.02,817325757.911311
Logistic Regression,validation,0.85,0.6666666666666666,0.0393873085339168,0.0743801652892562,0.9982377129430194,0.9951473759884976,5098,9,439,18,817402151.467732,15637766.54,0.02,817714906.798532
Logistic Regression,validation,0.86,0.7368421052631579,0.0306345733041575,0.0588235294117647,0.9990209516350108,0.9965851905104242,5102,5,443,14,818137137.657342,7626947.300000001,0.02,818289676.6033419
Logistic Regression,validation,0.87,0.8,0.0262582056892779,0.0508474576271186,0.9994125709810064,0.9973040977713876,5104,3,445,12,820511639.9798648,6801181.17,0.02,820647663.6032648
Logistic Regression,validation,0.88,0.8,0.0262582056892779,0.0508474576271186,0.9994125709810064,0.9973040977713876,5104,3,445,12,820511639.9798648,6801181.17,0.02,820647663.6032648
Logistic Regression,validation,0.89,1.0,0.0175054704595186,0.0344086021505376,1.0,0.9985621854780732,5107,0,449,8,826535689.9048419,0.0,0.02,826535689.9048419
Logistic Regression,validation,0.9,1.0,0.0109409190371991,0.0216450216450216,1.0,0.9991013659237958,5107,0,452,5,844565622.679045,0.0,0.02,844565622.679045
Logistic Regression,validation,0.91,1.0,0.0087527352297593,0.0173535791757049,1.0,0.9992810927390366,5107,0,453,4,844805614.158469,0.0,0.02,844805614.158469
Logistic Regression,validation,0.92,1.0,0.0021881838074398,0.0043668122270742,1.0,0.9998202731847592,5107,0,456,1,853894863.810674,0.0,0.02,853894863.810674
Logistic Regression,validation,0.93,0.0,0.0,0.0,1.0,1.0,5107,0,457,0,855051867.519174,0.0,0.02,855051867.519174
Logistic Regression,validation,0.94,0.0,0.0,0.0,1.0,1.0,5107,0,457,0,855051867.519174,0.0,0.02,855051867.519174
Logistic Regression,validation,0.95,0.0,0.0,0.0,1.0,1.0,5107,0,457,0,855051867.519174,0.0,0.02,855051867.519174
Logistic Regression,validation,0.96,0.0,0.0,0.0,1.0,1.0,5107,0,457,0,855051867.519174,0.0,0.02,855051867.519174
Logistic Regression,validation,0.97,0.0,0.0,0.0,1.0,1.0,5107,0,457,0,855051867.519174,0.0,0.02,855051867.519174
Logistic Regression,validation,0.98,0.0,0.0,0.0,1.0,1.0,5107,0,457,0,855051867.519174,0.0,0.02,855051867.519174
Logistic Regression,validation,0.99,0.0,0.0,0.0,1.0,1.0,5107,0,457,0,855051867.519174,0.0,0.02,855051867.519174
Logistic Regression,test,0.01,0.078089735487948,1.0,0.1448668564729526,0.0,0.0,0,10212,0,865,0.0,33549965490.73,0.02,670999309.8146
Logistic Regression,test,0.02,0.078089735487948,1.0,0.1448668564729526,0.0,0.0,0,10212,0,865,0.0,33549965490.73,0.02,670999309.8146
Logistic Regression,test,0.03,0.078089735487948,1.0,0.1448668564729526,0.0,0.0,0,10212,0,865,0.0,33549965490.73,0.02,670999309.8146
Logistic Regression,test,0.04,0.078089735487948,1.0,0.1448668564729526,0.0,0.0,0,10212,0,865,0.0,33549965490.73,0.02,670999309.8146
Logistic Regression,test,0.05,0.078089735487948,1.0,0.1448668564729526,0.0,0.0,0,10212,0,865,0.0,33549965490.73,0.02,670999309.8146
Logistic Regression,test,0.06,0.078089735487948,1.0,0.1448668564729526,0.0,0.0,0,10212,0,865,0.0,33549965490.73,0.02,670999309.8146
Logistic Regression,test,0.07,0.078089735487948,1.0,0.1448668564729526,0.0,0.0,0,10212,0,865,0.0,33549965490.73,0.02,670999309.8146
Logistic Regression,test,0.08,0.078089735487948,1.0,0.1448668564729526,0.0,0.0,0,10212,0,865,0.0,33549965490.73,0.02,670999309.8146
Logistic Regression,test,0.09,0.0781532345500542,1.0,0.1449761166513031,0.0008813160987074,0.000812494357678,9,10203,0,865,0.0,33510840713.370003,0.02,670216814.2674
Logistic Regression,test,0.1,0.0782734594154375,1.0,0.1451829472977509,0.0025460242851547,0.002347205922181,26,10186,0,865,0.0,33444337759.29,0.02,668886755.1858001
Logistic Regression,test,0.11,0.0784171355962969,0.998843930635838,0.1454178237818732,0.0056795926361143,0.005326351900334,58,10154,1,864,800031.4169599998,33334796552.86,0.02,667495962.4741601
Logistic Regression,test,0.12,0.0786312340735347,0.998843930635838,0.1457858769931662,0.008617312965139,0.0080346664259276,88,10124,1,864,800031.4169599998,33250486667.77,0.02,665809764.77236
Logistic Regression,test,0.13,0.0790267995975487,0.998843930635838,0.146465502627564,0.0140031335683509,0.0129999097228491,143,10069,1,864,800031.4169599998,33053842057.29,0.02,661876872.56276
Logistic Regression,test,0.14,0.0794659300184162,0.9976878612716764,0.1472068230277185,0.0210536623580101,0.0195901417351268,215,9997,2,863,925592.5043599998,32729427196.58,0.02,655514136.43596
Logistic Regression,test,0.15,0.0799035965888023,0.9965317919075144,0.1479447352613061,0.0280062671367019,0.0260900965965513,286,9926,3,862,1147962.440999,32519689679.26,0.02,651541756.0261991
Logistic Regression,test,0.16,0.0804930432346624,0.9965317919075144,0.1489545533091411,0.0357422640031335,0.0332219915139477,365,9847,3,862,1147962.440999,32276331780.27,0.02,646674598.046399
Logistic Regression,test,0.17,0.0812670877722258,0.9965317919075144,0.150278940027894,0.0457305131218174,0.0424302609009659,467,9745,3,862,1147962.440999,31836475675.85,0.02,637877475.9579991
Logistic Regression,test,0.18,0.0819937220584038,0.9965317919075144,0.1515204781156618,0.0549353701527614,0.0509163130811591,561,9651,3,862,1147962.440999,31592289884.57,0.02,632993760.1323991
Logistic Regression,test,0.19,0.0825396825396825,0.991907514450867,0.1523978685612788,0.0660987074030552,0.0615690168818272,675,9537,7,858,7316484.585777,31230152036.39,0.02,631919525.313577
Logistic Regression,test,0.2,0.0835203434481412,0.9895953757225432,0.1540399496131006,0.0801997649823736,0.0747494809063825,819,9393,9,856,8490338.513153,30660232333.37,0.02,621694985.180553
Logistic Regression,test,0.21,0.0846367056028509,0.9884393063583816,0.1559223123917206,0.0944966705836271,0.088020222081791,965,9247,10,855,8669690.088578,30178630596.29,0.02,612242302.0143781
Logistic Regression,test,0.22,0.0857601928098011,0.9872832369942196,0.1578120668945763,0.108499804151978,0.1010201318046402,1108,9104,11,854,8883437.129378,29734253523.33,0.02,603568507.595978
Logistic Regression,test,0.23,0.086960954225711,0.9861271676300578,0.1598276185122728,0.1229925577751664,0.1144714272817549,1256,8956,12,853,9038419.191563,29279148155.96,0.02,594621382.310763
Logistic Regression,test,0.24,0.0880802233019745,0.984971098265896,0.1617005124312013,0.1362122992557775,0.1267491197977791,1391,8821,13,852,9239617.091093,28909492286.18,0.02,587429462.814693
Logistic Regression,test,0.25,0.089257586894886,0.9826589595375722,0.1636503658067,0.1507050528789659,0.1402906924257471,1539,8673,15,850,11817247.298756002,28361258640.29,0.02,579042420.1045561
Logistic Regression,test,0.26,0.0909577314071696,0.9826589595375722,0.1665034280117532,0.168135526831179,0.1563600252776023,1717,8495,15,850,11817247.298756002,27767063419.89,0.02,567158515.696556
Logistic Regression,test,0.27,0.0921684118673647,0.976878612716763,0.1684441343566231,0.1849784567175871,0.1723390809786043,1889,8323,20,845,15672153.490064,27200106045.42,0.02,559674274.398464
Logistic Regression,test,0.28,0.0939066503286175,0.9745664739884392,0.1713066449908555,0.2034860947904426,0.18958201679155,2078,8134,22,843,17540295.242036004,26697747315.84,0.02,551495241.558836
Logistic Regression,test,0.29,0.0955573230314737,0.9722543352601156,0.1740120008276433,0.2205248726987857,0.205470795341699,2252,7960,24,841,18607878.106027,26126983513.050003,0.02,541147548.367027
Logistic Regression,test,0.3,0.0974335152711647,0.969942196531792,0.1770789362600253,0.2389345867606737,0.2226234540037917,2440,7772,26,839,24311226.06590201,25512035294.84,0.02,534551931.9627021
Logistic Regression,test,0.31,0.0995963912630579,0.969942196531792,0.1806437722036817,0.2572463768115942,0.2395052812133249,2627,7585,26,839,24311226.06590201,24898688272.19,0.02,522284991.509702
Logistic Regression,test,0.32,0.1018270401948842,0.9664739884393064,0.1842424242424242,0.2779083431257344,0.2588245914958924,2838,7374,29,836,31735198.024558004,24230746520.39,0.02,516350128.432358
Logistic Regression,test,0.33,0.1035085528780122,0.9583815028901734,0.1868379535722334,0.2969056012534273,0.2769702988173693,3032,7180,36,829,41107986.307168,23623061251.75,0.02,513569211.342168
Logistic Regression,test,0.34,0.1058914131690412,0.953757225433526,0.1906192236598891,0.31786133960047,0.2966507177033493,3246,6966,40,825,48673987.10674,22873667612.93,0.02,506147339.36534
Logistic Regression,test,0.35,0.1082290980908492,0.9502890173410404,0.1943262411347517,0.3367606737171955,0.3143450392705605,3439,6773,43,822,53447557.605216,22180095641.86,0.02,497049470.4424161
Logistic Regression,test,0.36,0.1109906491394498,0.9468208092485548,0.1986899563318777,0.3576184880532707,0.3338449038548343,3652,6560,46,819,62852592.967355,21480435099.4,0.02,492461294.9553551
Logistic Regression,test,0.37,0.1143617021276595,0.9445086705202312,0.2040204769634161,0.3804347826086957,0.3550600343053173,3885,6327,48,817,67245483.21535501,20837590832.2,0.02,483997299.859355
Logistic Regression,test,0.38,0.1172224628266204,0.938728323699422,0.2084188911704312,0.4011946729338033,0.3746501760404441,4097,6115,53,812,82986678.810005,20246498133.26,0.02,487916641.47520506
Logistic Regression,test,0.39,0.1206614032474303,0.9364161849710982,0.2137767220902612,0.421954563258911,0.3939694863230116,4309,5903,55,810,85380461.736645,19610053303.6,0.02,477581527.80864495
Logistic Regression,test,0.4,0.1245178213238697,0.9329479768786128,0.2197114075687448,0.4443791617704661,0.4149137853209352,4538,5674,58,807,97491761.09981,18864521972.74,0.02,474782200.55461
Logistic Regression,test,0.41,0.1279106858054226,0.9271676300578034,0.2248072880168185,0.4645515080297689,0.4339622641509434,4744,5468,63,802,105093087.500686,18300034313.04,0.02,471093773.761486
Logistic Regression,test,0.42,0.1321286472148541,0.9213872832369944,0.2311149775264608,0.4873678025851939,0.4554482260539857,4977,5235,68,797,114389578.227543,17556309318.5,0.02,465515764.597543
Logistic Regression,test,0.43,0.1368729529391484,0.9179190751445088,0.2382238223822382,0.5096944770857814,0.4763022479010562,5205,5007,71,794,116989451.57053702,16584836613.99,0.02,448686183.850337
Logistic Regression,test,0.44,0.1416532185762955,0.9132947976878611,0.2452654455138155,0.5312377594986291,0.4965243296921549,5425,4787,75,790,119284704.50747702,15720345185.490002,0.02,433691608.21727705
Logistic Regression,test,0.45,0.146286990508096,0.908670520231214,0.252003847386983,0.550822561692127,0.5149408684661911,5625,4587,79,786,124893927.132512,15091227039.01,0.02,426718467.912712
Logistic Regression,test,0.46,0.151780502043199,0.9017341040462428,0.2598267821452365,0.5731492361927144,0.5360657217658211,5853,4359,85,780,130955045.656423,14322902356.45,0.02,417413092.78542304
Logistic Regression,test,0.47,0.1559150657229524,0.8913294797687862,0.2654044750430293,0.5912651782217,0.5535794890313261,6038,4174,94,771,140640380.107434,13817137505.099998,0.02,416983130.209434
Logistic Regression,test,0.48,0.1617057209204137,0.8855491329479769,0.2734737593716529,0.6111437524481003,0.572357136408775,6241,3971,99,766,148630176.588784,13089552414.53,0.02,410421224.879384
Logistic Regression,test,0.49,0.1673612634349638,0.8820809248554913,0.2813421828908554,0.6282804543674109,0.5884264692606301,6416,3796,102,763,151406413.86084998,12555424014.580002,0.02,402514894.15245
Logistic Regression,test,0.5,0.1737336694934678,0.8763005780346821,0.2899770466717674,0.6469839404622013,0.6061207908278414,6607,3605,107,758,165970389.633126,11896801926.41,0.02,403906428.161326
Logistic Regression,test,0.51,0.1791080372048652,0.8682080924855491,0.2969553183076315,0.6629455542499021,0.6214679064728716,6770,3442,114,751,174962661.38576502,11358625788.29,0.02,402135177.151565
Logistic Regression,test,0.52,0.186503984063745,0.8658959537572254,0.3069043228846548,0.6800822561692127,0.6374469621738739,6945,3267,116,749,178582596.214441,10891297704.19,0.02,396408550.298241
Logistic Regression,test,0.53,0.1916990920881971,0.8543352601156069,0.3131355932203389,0.6948687818253035,0.6519815834612259,7096,3116,126,739,196341709.701371,10498399869.06,0.02,406309707.082571
Logistic Regression,test,0.54,0.1974573978901812,0.8439306358381503,0.3200350723366944,0.7094594594594594,0.6662453732960187,7245,2967,135,730,223019832.838179,9887806642.330002,0.02,420775965.6847791
Logistic Regression,test,0.55,0.2041103603603603,0.838150289017341,0.3282771111614218,0.723168820994908,0.6793355601697211,7385,2827,140,725,237510202.222386,9466169302.5,0.02,426833588.272386
Logistic Regression,test,0.56,0.2096350364963503,0.8300578034682081,0.3347319347319347,0.7349197023110067,0.6908007583280671,7505,2707,147,718,249018812.67029703,9101447473.53,0.02,431047762.140897
Logistic Regression,test,0.57,0.2161498311329444,0.8138728323699422,0.341581756428918,0.75,0.7059673196713911,7659,2553,161,704,262761282.544856,8658106925.19,0.02,435923421.048656
Logistic Regression,test,0.58,0.2246006389776357,0.8127167630057803,0.3519399249061327,0.7623384253819037,0.7174325178297373,7785,2427,162,703,265286417.245857,8173784506.66,0.02,428762107.379057
Logistic Regression,test,0.59,0.230692076228686,0.7976878612716763,0.3578838174273859,0.7746768507638073,0.7299810417983208,7911,2301,175,690,297546315.18795604,7536053498.25,0.02,448267385.152956
Logistic Regression,test,0.6,0.2379130434782608,0.7907514450867053,0.3657754010695187,0.7854484919702311,0.7404531912972827,8021,2191,181,684,303674852.72176695,7240757724.55,0.02,448490007.21276695
Logistic Regression,test,0.61,0.2458120903131828,0.7803468208092486,0.3738576571586818,0.7971993732863298,0.752098943757335,8141,2071,190,675,315808869.049618,6815580013.32,0.02,452120469.316018
Logistic Regression,test,0.62,0.2549618320610687,0.7722543352601156,0.3833572453371592,0.808852330591461,0.763473864764828,8260,1952,197,668,325948583.571218,6510499385.24,0.02,456158571.276018
Logistic Regression,test,0.63,0.2614223281684545,0.7606936416184971,0.3891188645771732,0.8179592636114376,0.7727724113026992,8353,1859,207,658,335332620.15729606,6261923696.700001,0.02,460571094.0912961
Logistic Regression,test,0.64,0.2688620258441017,0.7456647398843931,0.3952205882352941,0.8282412847630239,0.7834251151033673,8458,1754,220,645,341787766.94699395,5950503340.26,0.02,460797833.7521939
Logistic Regression,test,0.65,0.2763557483731019,0.7364161849710983,0.4018927444794952,0.836662749706228,0.7919111672835606,8544,1668,228,637,346346943.431226,5436259841.35,0.02,455072140.2582261
Logistic Regression,test,0.66,0.2820280669986419,0.7202312138728324,0.4053350683148991,0.844692518605562,0.80057777376546,8626,1586,242,623,362531936.644766,5008603640.45,0.02,462704009.453766
Logistic Regression,test,0.67,0.2908404154863078,0.7121387283236994,0.4130070398927254,0.8529181355268312,0.8087929944930938,8710,1502,249,616,382528164.678973,4843360547.889999,0.02,479395375.636773
Logistic Regression,test,0.68,0.2996566944580677,0.7063583815028902,0.4207988980716253,0.8601645123384254,0.8159248894104902,8784,1428,254,611,389276712.968253,4587999676.75,0.02,481036706.503253
Logistic Regression,test,0.69,0.3066666666666666,0.6913294797687861,0.424866785079929,0.8676067371719546,0.8239595558364178,8860,1352,267,598,421273023.391782,4370736107.300001,0.02,508687745.537782
Logistic Regression,test,0.7,0.3142239048134126,0.6716763005780347,0.4281503316138541,0.8758323540932237,0.8330775480725828,8944,1268,284,581,444697823.199578,4114929520.75,0.02,526996413.614578
Logistic Regression,test,0.71,0.3236467236467236,0.6566473988439306,0.433587786259542,0.8837641989815903,0.841563600252776,9025,1187,297,568,494765016.40013695,3814060261.93,0.02,571046221.638737
Logistic Regression,test,0.72,0.3323226197695573,0.6335260115606937,0.4359586316626889,0.8921856639247944,0.8511329782432067,9111,1101,317,548,522065098.754123,3471369824.87,0.02,591492495.251523
Logistic Regression,test,0.73,0.3463035019455253,0.6173410404624278,0.4437058579144163,0.9012925969447708,0.8607926333844904,9204,1008,331,534,540809317.036791,3221254488.9700003,0.02,605234406.816191
Logistic Regression,test,0.74,0.3606896551724138,0.6046242774566474,0.4518358531317494,0.9092244418331374,0.8690981312629773,9285,927,342,523,557401698.1940279,2983528645.8100004,0.02,617072271.110228
Logistic Regression,test,0.75,0.3743589743589743,0.5907514450867052,0.4582959641255605,0.916372894633764,0.8767716890854924,9358,854,354,511,572877277.7739301,2757298686.8500004,0.02,628023251.5109301
Logistic Regression,test,0.76,0.3821456538762725,0.5641618497109827,0.4556489262371615,0.922737955346651,0.884716078360567,9423,789,377,488,601920759.5796001,2545448270.41,0.02,652829724.9878001
Logistic Regression,test,0.77,0.395850622406639,0.5514450867052023,0.4608695652173913,0.9287113200156678,0.8912160332219915,9484,728,388,477,608671593.613835,2289453788.8,0.02,654460669.389835
Logistic Regression,test,0.78,0.4049295774647887,0.5317919075144508,0.4597701149425287,0.9338033685859772,0.8974451566308568,9536,676,405,460,631177763.531065,1989353674.14,0.02,670964837.013865
Logistic Regression,test,0.79,0.416119962511715,0.5132947976878612,0.4596273291925465,0.9389933411672542,0.903674280039722,9589,623,421,444,650097881.843161,1824361781.33,0.02,686585117.469761
Logistic Regression,test,0.8,0.4308779011099899,0.4936416184971098,0.4601293103448275,0.944770857814336,0.910535343504559,9648,564,438,427,690197952.603612,1622485700.61,0.02,722647666.615812
Logistic Regression,test,0.81,0.4429824561403508,0.4670520231213872,0.4546989307822172,0.9502546024285154,0.9176672384219554,9704,508,461,404,714401900.305083,1473849533.0900002,0.02,743878890.9668831
Logistic Regression,test,0.82,0.450354609929078,0.4404624277456647,0.445353594389246,0.9544653349001176,0.9236255303782612,9747,465,484,381,759866637.4176431,1341911017.7999997,0.02,786704857.773643
Logistic Regression,test,0.83,0.4574332909783989,0.4161849710982659,0.4358353510895884,0.958186447316882,0.9289518822785952,9785,427,505,360,772142177.5463691,1233888540.0200002,0.02,796819948.3467691
Logistic Regression,test,0.84,0.463245492371706,0.3861271676300578,0.4211853720050441,0.9621034077555816,0.9349101742349012,9825,387,531,334,804895405.991907,1093420793.88,0.02,826763821.869507
Logistic Regression,test,0.85,0.4750378214826021,0.3630057803468208,0.4115334207077326,0.9660203681942812,0.9403268032860884,9865,347,551,314,820080134.061432,1002502983.97,0.02,840130193.740832
Logistic Regression,test,0.86,0.4845024469820554,0.3433526011560693,0.401894451962111,0.9690560125342734,0.944660106527038,9896,316,568,297,831239181.98192,888561274.3999999,0.02,849010407.46992
Logistic Regression,test,0.87,0.5036496350364964,0.3190751445086705,0.3906581740976645,0.9733646690168428,0.9505281213324908,9940,272,589,276,865168872.044376,790139597.81,0.02,880971664.000576
Logistic Regression,test,0.88,0.5,0.2809248554913295,0.3597335307179867,0.9762044653349,0.956125304685384,9969,243,622,243,918211507.282174,708122637.7800001,0.02,932373960.037774
Logistic Regression,test,0.89,0.5130641330166271,0.2497109826589595,0.3359253499222395,0.9799255777516648,0.9619933194908368,10007,205,649,216,964864348.5911392,624168335.6200001,0.02,977347715.303539
Logistic Regression,test,0.9,0.532033426183844,0.2208092485549133,0.3120915032679738,0.9835487661574618,0.9675905028437304,10044,168,674,191,1002793417.2183672,518937742.25,0.02,1013172172.0633672
Logistic Regression,test,0.91,0.527972027972028,0.1745664739884393,0.262380538662033,0.986780258519389,0.974180734856008,10077,135,714,151,1085071615.952836,372812217.06000006,0.02,1092527860.294036
Logistic Regression,test,0.92,0.5876288659793815,0.1317919075144508,0.2152974504249291,0.9921660791226008,0.9824862327344948,10132,80,751,114,1121446871.709391,224432487.51,0.02,1125935521.4595912
Logistic Regression,test,0.93,0.6496350364963503,0.1028901734104046,0.1776447105788423,0.9952996474735604,0.9876320303331226,10164,48,776,89,1142926147.69927,154191655.9,0.02,1146009980.81727
Logistic Regression,test,0.94,0.6701030927835051,0.0751445086705202,0.1351351351351351,0.9968664316490404,0.9912431163672476,10180,32,800,65,1162230423.522289,108963960.38,0.02,1164409702.7298892
Logistic Regression,test,0.95,0.734375,0.0543352601156069,0.1011840688912809,0.9983352918135526,0.9942222623454005,10195,17,818,47,1185523104.167767,50955782.51,0.02,1186542219.817967
Logistic Regression,test,0.96,0.7297297297297297,0.0312138728323699,0.0598669623059867,0.9990207598903252,0.9966597454184346,10202,10,838,27,1215747959.2476811,41407982.83,0.02,1216576118.9042811
Logistic Regression,test,0.97,0.9444444444444444,0.0196531791907514,0.0385050962627406,0.9999020759890324,0.998375011284644,10211,1,848,17,1231071334.8014,343322.59,0.02,1231078201.2532
Logistic Regression,test,0.98,0.0,0.0,0.0,1.0,1.0,10212,0,865,0,1271047701.5045412,0.0,0.02,1271047701.5045412
Logistic Regression,test,0.99,0.0,0.0,0.0,1.0,1.0,10212,0,865,0,1271047701.5045412,0.0,0.02,1271047701.5045412
Calibrated Random Forest,validation,0.01,0.0821351545650611,1.0,0.1518020262414881,0.0,0.0,0,5107,0,457,0.0,16973954342.87,0.02,339479086.8574
Calibrated Random Forest,validation,0.02,0.0821351545650611,1.0,0.1518020262414881,0.0,0.0,0,5107,0,457,0.0,16973954342.87,0.02,339479086.8574
Calibrated Random Forest,validation,0.03,0.0821351545650611,1.0,0.1518020262414881,0.0,0.0,0,5107,0,457,0.0,16973954342.87,0.02,339479086.8574
Calibrated Random Forest,validation,0.04,0.0821351545650611,1.0,0.1518020262414881,0.0,0.0,0,5107,0,457,0.0,16973954342.87,0.02,339479086.8574
Calibrated Random Forest,validation,0.05,0.0821351545650611,1.0,0.1518020262414881,0.0,0.0,0,5107,0,457,0.0,16973954342.87,0.02,339479086.8574
Calibrated Random Forest,validation,0.06,0.0821351545650611,1.0,0.1518020262414881,0.0,0.0,0,5107,0,457,0.0,16973954342.87,0.02,339479086.8574
Calibrated Random Forest,validation,0.07,0.0821351545650611,1.0,0.1518020262414881,0.0,0.0,0,5107,0,457,0.0,16973954342.87,0.02,339479086.8574
Calibrated Random Forest,validation,0.08,0.0911097732289785,0.9934354485776804,0.1669117647058823,0.113177990992755,0.1044212796549245,578,4529,3,454,1999821.070529,15101297547.45,0.02,304025772.019529
Calibrated Random Forest,validation,0.09,0.1049788633161108,0.9781181619256016,0.1896076352067868,0.2537693362052085,0.2347232207045291,1296,3811,10,447,19746633.498702,12519155958.16,0.02,270129752.661902
Calibrated Random Forest,validation,0.1,0.1212288956545806,0.9584245076586432,0.2152334152334152,0.3783042882318386,0.3506470165348669,1932,3175,19,438,32775739.891899,10518914925.9,0.02,243154038.409899
Calibrated Random Forest,validation,0.11,0.1420857239284509,0.9212253829321664,0.2461988304093567,0.5022518112394753,0.4674694464414091,2565,2542,36,421,58973345.41072,8383302803.75,0.02,226639401.48572
Calibrated Random Forest,validation,0.12,0.1900866217516843,0.8643326039387309,0.3116370808678501,0.670452320344625,0.6265276779295471,3424,1683,62,395,93433604.32682598,5417148708.889999,0.02,201776578.504626
Calibrated Random Forest,validation,0.13,0.2280487804878049,0.8183807439824945,0.3567000476871722,0.7521049539847269,0.7052480230050324,3841,1266,83,374,134727674.27306598,4226259906.37,0.02,219252872.400466
Calibrated Random Forest,validation,0.14,0.2711993888464477,0.7768052516411379,0.4020385050962627,0.8131975719600548,0.7647375988497483,4153,954,102,355,158313529.26535502,3108675355.7200003,0.02,220487036.37975505
Calibrated Random Forest,validation,0.15,0.3043087971274685,0.7417943107221007,0.4315722469764481,0.8482475034266693,0.7997843278217109,4332,775,118,339,178101415.90980002,2455048765.85,0.02,227202391.2268
Calibrated Random Forest,validation,0.16,0.3270750988142292,0.7242888402625821,0.450646698434309,0.8666536126884669,0.818116462976276,4426,681,126,331,184897301.87048703,2163450472.71,0.02,228166311.32468703
Calibrated Random Forest,validation,0.17,0.3433476394849785,0.700218818380744,0.4607631389488841,0.8801644801253182,0.8324946081955428,4495,612,137,320,236331926.75756,2011615048.87,0.02,276564227.73496
Calibrated Random Forest,validation,0.18,0.3672248803827751,0.6717724288840262,0.4748646558391338,0.8964166829841395,0.8497483824586628,4578,529,150,307,278452129.78725195,1627083680.52,0.02,310993803.397652
Calibrated Random Forest,validation,0.19,0.3925619834710744,0.6236323851203501,0.4818258664412511,0.91364793420795,0.8695183321351545,4666,441,172,285,348916787.007065,1311516682.84,0.02,375147120.663865
Calibrated Random Forest,validation,0.2,0.4174603174603175,0.5754923413566739,0.483900643974241,0.9281378500097904,0.8867721063982746,4740,367,194,263,382497918.5825901,1096515793.76,0.02,404428234.45779
Calibrated Random Forest,validation,0.21,0.4353982300884956,0.5382932166301969,0.4814090019569471,0.9375367143136872,0.8984543493889289,4788,319,211,246,399752670.243574,897062017.76,0.02,417693910.598774
Calibrated Random Forest,validation,0.22,0.448742746615087,0.5076586433260394,0.4763860369609856,0.9441942431956138,0.9070812365204888,4822,285,225,232,457493512.7270299,807276681.7,0.02,473639046.3610299
Calibrated Random Forest,validation,0.23,0.4639830508474576,0.4792122538293216,0.4714747039827772,0.9504601527315448,0.9151689432063264,4854,253,238,219,473523069.310404,722270419.18,0.02,487968477.694004
Calibrated Random Forest,validation,0.24,0.4895591647331787,0.4617067833698031,0.4752252252252252,0.9569218719404738,0.9225377426312006,4887,220,246,211,485902662.61308,666167256.5899999,0.02,499226007.74488
Calibrated Random Forest,validation,0.25,0.4975369458128079,0.4420131291028446,0.4681344148319815,0.9600548267084394,0.9270309130122214,4903,204,255,202,498853514.888967,612907209.8399999,0.02,511111659.085767
Calibrated Random Forest,validation,0.26,0.5105263157894737,0.424507658643326,0.4635603345280765,0.9635794008224008,0.9317038102084833,4921,186,263,194,509299082.750625,541158325.5999999,0.02,520122249.262625
Calibrated Random Forest,validation,0.27,0.519774011299435,0.4026258205689278,0.4537607891491985,0.9667123555903662,0.9363767074047448,4937,170,273,184,527292698.534467,515483481.27,0.02,537602368.1598669
Calibrated Random Forest,validation,0.28,0.5120481927710844,0.3719912472647702,0.4309252217997465,0.9682788329743488,0.9403306973400432,4945,162,287,170,554882616.471199,505851791.8,0.02,564999652.307199
Calibrated Random Forest,validation,0.29,0.5186335403726708,0.3654266958424507,0.4287548138639281,0.9696495006853338,0.9421279654924516,4952,155,290,167,559017770.003875,472103539.04,0.02,568459840.784675
Calibrated Random Forest,validation,0.3,0.5225806451612903,0.3544857768052516,0.4224250325945241,0.9710201683963188,0.9442846872753414,4959,148,295,162,561579537.395192,443314883.61,0.02,570445835.067392
Calibrated Random Forest,validation,0.31,0.5296167247386759,0.3326039387308533,0.4086021505376344,0.9735656941452908,0.9484184040258806,4972,135,305,152,574432747.363647,374682676.8499999,0.02,581926400.9006469
Calibrated Random Forest,validation,0.32,0.5338645418326693,0.2932166301969365,0.3785310734463277,0.977090268259252,0.9548885693745508,4990,117,323,134,601825355.937279,332879578.08000004,0.02,608482947.498879
Calibrated Random Forest,validation,0.33,0.5700934579439252,0.2669584245076586,0.3636363636363636,0.9819855100841982,0.9615384615384616,5015,92,335,122,635398315.795818,233015127.59,0.02,640058618.347618
Calibrated Random Forest,validation,0.34,0.632183908045977,0.2407002188183807,0.3486529318541997,0.9874681809281378,0.9687275341480948,5043,64,347,110,646777286.96532,134534465.81,0.02,649467976.28152
Calibrated Random Forest,validation,0.35,0.6438356164383562,0.2056892778993435,0.3117744610281924,0.989817897004112,0.9737598849748382,5055,52,363,94,694953180.001251,122971609.1,0.02,697412612.183251
Calibrated Random Forest,validation,0.36,0.6764705882352942,0.1509846827133479,0.2468694096601073,0.9935382807910712,0.9816678648454348,5074,33,388,69,734938383.6047801,67921149.14,0.02,736296806.5875801
Calibrated Random Forest,validation,0.37,0.6111111111111112,0.0722100656455142,0.1291585127201565,0.9958879968670452,0.990294751976995,5086,21,424,33,793290341.8377011,50969780.41999999,0.02,794309737.4461011
Calibrated Random Forest,validation,0.38,0.6206896551724138,0.0393873085339168,0.074074074074074,0.9978460935970236,0.9947879223580158,5096,11,439,18,809086115.831063,35011523.09,0.02,809786346.292863
Calibrated Random Forest,validation,0.39,0.6111111111111112,0.024070021881838,0.0463157894736842,0.9986293322890152,0.996764917325665,5100,7,446,11,824847685.0798249,19162852.78,0.02,825230942.135425
Calibrated Random Forest,validation,0.4,0.7272727272727273,0.0175054704595186,0.0341880341880341,0.9994125709810064,0.9980230050323508,5104,3,449,8,840788587.119633,3030936.39,0.02,840849205.847433
Calibrated Random Forest,validation,0.41,0.7142857142857143,0.0109409190371991,0.021551724137931,0.9996083806540044,0.9987419122933142,5105,2,452,5,848371990.066711,1179006.92,0.02,848395570.2051109
Calibrated Random Forest,validation,0.42,0.6,0.0065645514223194,0.0129870129870129,0.9996083806540044,0.9991013659237958,5105,2,454,3,853565822.7881529,1179006.92,0.02,853589402.9265529
Calibrated Random Forest,validation,0.43,0.0,0.0,0.0,1.0,1.0,5107,0,457,0,855051867.519174,0.0,0.02,855051867.519174
Calibrated Random Forest,validation,0.44,0.0,0.0,0.0,1.0,1.0,5107,0,457,0,855051867.519174,0.0,0.02,855051867.519174
Calibrated Random Forest,validation,0.45,0.0,0.0,0.0,1.0,1.0,5107,0,457,0,855051867.519174,0.0,0.02,855051867.519174
Calibrated Random Forest,validation,0.46,0.0,0.0,0.0,1.0,1.0,5107,0,457,0,855051867.519174,0.0,0.02,855051867.519174
Calibrated Random Forest,validation,0.47,0.0,0.0,0.0,1.0,1.0,5107,0,457,0,855051867.519174,0.0,0.02,855051867.519174
Calibrated Random Forest,validation,0.48,0.0,0.0,0.0,1.0,1.0,5107,0,457,0,855051867.519174,0.0,0.02,855051867.519174
Calibrated Random Forest,validation,0.49,0.0,0.0,0.0,1.0,1.0,5107,0,457,0,855051867.519174,0.0,0.02,855051867.519174
Calibrated Random Forest,validation,0.5,0.0,0.0,0.0,1.0,1.0,5107,0,457,0,855051867.519174,0.0,0.02,855051867.519174
Calibrated Random Forest,validation,0.51,0.0,0.0,0.0,1.0,1.0,5107,0,457,0,855051867.519174,0.0,0.02,855051867.519174
Calibrated Random Forest,validation,0.52,0.0,0.0,0.0,1.0,1.0,5107,0,457,0,855051867.519174,0.0,0.02,855051867.519174
Calibrated Random Forest,validation,0.53,0.0,0.0,0.0,1.0,1.0,5107,0,457,0,855051867.519174,0.0,0.02,855051867.519174
Calibrated Random Forest,validation,0.54,0.0,0.0,0.0,1.0,1.0,5107,0,457,0,855051867.519174,0.0,0.02,855051867.519174
Calibrated Random Forest,validation,0.55,0.0,0.0,0.0,1.0,1.0,5107,0,457,0,855051867.519174,0.0,0.02,855051867.519174
Calibrated Random Forest,validation,0.56,0.0,0.0,0.0,1.0,1.0,5107,0,457,0,855051867.519174,0.0,0.02,855051867.519174
Calibrated Random Forest,validation,0.57,0.0,0.0,0.0,1.0,1.0,5107,0,457,0,855051867.519174,0.0,0.02,855051867.519174
Calibrated Random Forest,validation,0.58,0.0,0.0,0.0,1.0,1.0,5107,0,457,0,855051867.519174,0.0,0.02,855051867.519174
Calibrated Random Forest,validation,0.59,0.0,0.0,0.0,1.0,1.0,5107,0,457,0,855051867.519174,0.0,0.02,855051867.519174
Calibrated Random Forest,validation,0.6,0.0,0.0,0.0,1.0,1.0,5107,0,457,0,855051867.519174,0.0,0.02,855051867.519174
Calibrated Random Forest,validation,0.61,0.0,0.0,0.0,1.0,1.0,5107,0,457,0,855051867.519174,0.0,0.02,855051867.519174
Calibrated Random Forest,validation,0.62,0.0,0.0,0.0,1.0,1.0,5107,0,457,0,855051867.519174,0.0,0.02,855051867.519174
Calibrated Random Forest,validation,0.63,0.0,0.0,0.0,1.0,1.0,5107,0,457,0,855051867.519174,0.0,0.02,855051867.519174
Calibrated Random Forest,validation,0.64,0.0,0.0,0.0,1.0,1.0,5107,0,457,0,855051867.519174,0.0,0.02,855051867.519174
Calibrated Random Forest,validation,0.65,0.0,0.0,0.0,1.0,1.0,5107,0,457,0,855051867.519174,0.0,0.02,855051867.519174
Calibrated Random Forest,validation,0.66,0.0,0.0,0.0,1.0,1.0,5107,0,457,0,855051867.519174,0.0,0.02,855051867.519174
Calibrated Random Forest,validation,0.67,0.0,0.0,0.0,1.0,1.0,5107,0,457,0,855051867.519174,0.0,0.02,855051867.519174
Calibrated Random Forest,validation,0.68,0.0,0.0,0.0,1.0,1.0,5107,0,457,0,855051867.519174,0.0,0.02,855051867.519174
Calibrated Random Forest,validation,0.69,0.0,0.0,0.0,1.0,1.0,5107,0,457,0,855051867.519174,0.0,0.02,855051867.519174
Calibrated Random Forest,validation,0.7,0.0,0.0,0.0,1.0,1.0,5107,0,457,0,855051867.519174,0.0,0.02,855051867.519174
Calibrated Random Forest,validation,0.71,0.0,0.0,0.0,1.0,1.0,5107,0,457,0,855051867.519174,0.0,0.02,855051867.519174
Calibrated Random Forest,validation,0.72,0.0,0.0,0.0,1.0,1.0,5107,0,457,0,855051867.519174,0.0,0.02,855051867.519174
Calibrated Random Forest,validation,0.73,0.0,0.0,0.0,1.0,1.0,5107,0,457,0,855051867.519174,0.0,0.02,855051867.519174
Calibrated Random Forest,validation,0.74,0.0,0.0,0.0,1.0,1.0,5107,0,457,0,855051867.519174,0.0,0.02,855051867.519174
Calibrated Random Forest,validation,0.75,0.0,0.0,0.0,1.0,1.0,5107,0,457,0,855051867.519174,0.0,0.02,855051867.519174
Calibrated Random Forest,validation,0.76,0.0,0.0,0.0,1.0,1.0,5107,0,457,0,855051867.519174,0.0,0.02,855051867.519174
Calibrated Random Forest,validation,0.77,0.0,0.0,0.0,1.0,1.0,5107,0,457,0,855051867.519174,0.0,0.02,855051867.519174
Calibrated Random Forest,validation,0.78,0.0,0.0,0.0,1.0,1.0,5107,0,457,0,855051867.519174,0.0,0.02,855051867.519174
Calibrated Random Forest,validation,0.79,0.0,0.0,0.0,1.0,1.0,5107,0,457,0,855051867.519174,0.0,0.02,855051867.519174
Calibrated Random Forest,validation,0.8,0.0,0.0,0.0,1.0,1.0,5107,0,457,0,855051867.519174,0.0,0.02,855051867.519174
Calibrated Random Forest,validation,0.81,0.0,0.0,0.0,1.0,1.0,5107,0,457,0,855051867.519174,0.0,0.02,855051867.519174
Calibrated Random Forest,validation,0.82,0.0,0.0,0.0,1.0,1.0,5107,0,457,0,855051867.519174,0.0,0.02,855051867.519174
Calibrated Random Forest,validation,0.83,0.0,0.0,0.0,1.0,1.0,5107,0,457,0,855051867.519174,0.0,0.02,855051867.519174
Calibrated Random Forest,validation,0.84,0.0,0.0,0.0,1.0,1.0,5107,0,457,0,855051867.519174,0.0,0.02,855051867.519174
Calibrated Random Forest,validation,0.85,0.0,0.0,0.0,1.0,1.0,5107,0,457,0,855051867.519174,0.0,0.02,855051867.519174
Calibrated Random Forest,validation,0.86,0.0,0.0,0.0,1.0,1.0,5107,0,457,0,855051867.519174,0.0,0.02,855051867.519174
Calibrated Random Forest,validation,0.87,0.0,0.0,0.0,1.0,1.0,5107,0,457,0,855051867.519174,0.0,0.02,855051867.519174
Calibrated Random Forest,validation,0.88,0.0,0.0,0.0,1.0,1.0,5107,0,457,0,855051867.519174,0.0,0.02,855051867.519174
Calibrated Random Forest,validation,0.89,0.0,0.0,0.0,1.0,1.0,5107,0,457,0,855051867.519174,0.0,0.02,855051867.519174
Calibrated Random Forest,validation,0.9,0.0,0.0,0.0,1.0,1.0,5107,0,457,0,855051867.519174,0.0,0.02,855051867.519174
Calibrated Random Forest,validation,0.91,0.0,0.0,0.0,1.0,1.0,5107,0,457,0,855051867.519174,0.0,0.02,855051867.519174
Calibrated Random Forest,validation,0.92,0.0,0.0,0.0,1.0,1.0,5107,0,457,0,855051867.519174,0.0,0.02,855051867.519174
Calibrated Random Forest,validation,0.93,0.0,0.0,0.0,1.0,1.0,5107,0,457,0,855051867.519174,0.0,0.02,855051867.519174
Calibrated Random Forest,validation,0.94,0.0,0.0,0.0,1.0,1.0,5107,0,457,0,855051867.519174,0.0,0.02,855051867.519174
Calibrated Random Forest,validation,0.95,0.0,0.0,0.0,1.0,1.0,5107,0,457,0,855051867.519174,0.0,0.02,855051867.519174
Calibrated Random Forest,validation,0.96,0.0,0.0,0.0,1.0,1.0,5107,0,457,0,855051867.519174,0.0,0.02,855051867.519174
Calibrated Random Forest,validation,0.97,0.0,0.0,0.0,1.0,1.0,5107,0,457,0,855051867.519174,0.0,0.02,855051867.519174
Calibrated Random Forest,validation,0.98,0.0,0.0,0.0,1.0,1.0,5107,0,457,0,855051867.519174,0.0,0.02,855051867.519174
Calibrated Random Forest,validation,0.99,0.0,0.0,0.0,1.0,1.0,5107,0,457,0,855051867.519174,0.0,0.02,855051867.519174
Calibrated Random Forest,test,0.01,0.078089735487948,1.0,0.1448668564729526,0.0,0.0,0,10212,0,865,0.0,33549965490.73,0.02,670999309.8146
Calibrated Random Forest,test,0.02,0.078089735487948,1.0,0.1448668564729526,0.0,0.0,0,10212,0,865,0.0,33549965490.73,0.02,670999309.8146
Calibrated Random Forest,test,0.03,0.078089735487948,1.0,0.1448668564729526,0.0,0.0,0,10212,0,865,0.0,33549965490.73,0.02,670999309.8146
Calibrated Random Forest,test,0.04,0.078089735487948,1.0,0.1448668564729526,0.0,0.0,0,10212,0,865,0.0,33549965490.73,0.02,670999309.8146
Calibrated Random Forest,test,0.05,0.078089735487948,1.0,0.1448668564729526,0.0,0.0,0,10212,0,865,0.0,33549965490.73,0.02,670999309.8146
Calibrated Random Forest,test,0.06,0.078089735487948,1.0,0.1448668564729526,0.0,0.0,0,10212,0,865,0.0,33549965490.73,0.02,670999309.8146
Calibrated Random Forest,test,0.07,0.078089735487948,1.0,0.1448668564729526,0.0,0.0,0,10212,0,865,0.0,33549965490.73,0.02,670999309.8146
Calibrated Random Forest,test,0.08,0.0788848263254113,0.9976878612716764,0.1462092333756882,0.013219741480611,0.0123679696668773,135,10077,2,863,1022401.3535989998,33154869459.1,0.02,664119790.535599
Calibrated Random Forest,test,0.09,0.0809389671361502,0.9965317919075144,0.1497177594442032,0.0415197806502154,0.0385483434142818,424,9788,3,862,1190617.9465569998,32199880108.800003,0.02,645188220.1225572
Calibrated Random Forest,test,0.1,0.0840270296738811,0.991907514450867,0.1549295774647887,0.0841167254210732,0.0781800126388011,859,9353,7,858,2730962.498709,30841245719.31,0.02,619555876.884909
Calibrated Random Forest,test,0.11,0.0878357357668775,0.9791907514450868,0.1612105062809288,0.1386603995299647,0.1294574343233727,1416,8796,18,847,15569220.108206,29147797603.83,0.02,598525172.1848061
Calibrated Random Forest,test,0.12,0.0957178841309823,0.9664739884393064,0.1741848109178039,0.22659616137877,0.211519364448858,2314,7898,29,836,27492419.378749005,26061907084.54,0.02,548730561.069549
Calibrated Random Forest,test,0.13,0.1084527408965426,0.953757225433526,0.1947592067988668,0.335879357618488,0.3132617134603231,3430,6782,40,825,53945314.98556,22409864589.48,0.02,502142606.77516
Calibrated Random Forest,test,0.14,0.1243857493857493,0.9364161849710982,0.21960146400976,0.4416372894633764,0.4121151936444885,4510,5702,55,810,88884688.60057001,18513336488.39,0.02,459151418.36837
Calibrated Random Forest,test,0.15,0.1441556080712597,0.9167630057803468,0.2491360351869305,0.5389737563650607,0.503385393156992,5504,4708,72,793,108529728.533243,15563762632.25,0.02,419804981.178243
Calibrated Random Forest,test,0.16,0.1678579163959281,0.8959537572254336,0.2827435242612185,0.6237759498629064,0.5831903945111492,6370,3842,90,775,140235623.387224,12598379561.95,0.02,392203214.626224
Calibrated Random Forest,test,0.17,0.1982194291699398,0.8751445086705202,0.3232280102476516,0.700156678417548,0.6552315608919382,7150,3062,108,757,176559725.55765104,9818210645.03,0.02,372923938.458251
Calibrated Random Forest,test,0.18,0.2290804963410754,0.8323699421965318,0.3592814371257485,0.7627301214257736,0.7162589148686467,7789,2423,145,720,260921715.16735703,7716120905.26,0.02,415244133.272557
Calibrated Random Forest,test,0.19,0.2720063441712926,0.793063583815029,0.4050782403306761,0.8202115158636898,0.7723210255484336,8376,1836,179,686,311100058.427111,5782558007.700001,0.02,426751218.5811111
Calibrated Random Forest,test,0.2,0.3128893148059415,0.7549132947976879,0.4424119241192412,0.8595769682726204,0.8115915861695405,8778,1434,212,653,383345077.773834,4479544615.599999,0.02,472935970.085834
Calibrated Random Forest,test,0.21,0.3389737991266375,0.7179190751445087,0.4605116796440489,0.8814140227183705,0.8346122596370859,9001,1211,244,621,439542315.5548,3826729373.34,0.02,516076903.0216
Calibrated Random Forest,test,0.22,0.3527679623085983,0.692485549132948,0.4674209910261412,0.8923815119467293,0.8467093978514038,9113,1099,266,599,474018404.992279,3448802368.51,0.02,542994452.362479
Calibrated Random Forest,test,0.23,0.3648562300319489,0.6601156069364161,0.4699588477366255,0.9026635330983156,0.8587162589148687,9218,994,294,571,508208253.124454,3081582318.83,0.02,569839899.501054
Calibrated Random Forest,test,0.24,0.3855932203389831,0.63121387283237,0.4787373958790004,0.9148061104582844,0.8721675543919833,9342,870,319,546,525358900.59069496,2701052542.0,0.02,579379951.4306949
Calibrated Random Forest,test,0.25,0.4045206547155105,0.6,0.4832402234636871,0.9251860556208382,0.8841744154554483,9448,764,346,519,559092097.750237,2166310087.05,0.02,602418299.491237
Calibrated Random Forest,test,0.26,0.4179620034542314,0.5595375722543353,0.4784972812654474,0.9339992166079124,0.8954590593120881,9538,674,381,484,638720082.87211,1819153965.74,0.02,675103162.18691
Calibrated Random Forest,test,0.27,0.4422158548233046,0.5352601156069364,0.4843096234309623,0.9428123775949864,0.9054798230567844,9628,584,402,463,654687321.79261,1624438458.83,0.02,687176090.96921
Calibrated Random Forest,test,0.28,0.4591728525980912,0.500578034682081,0.4789823008849557,0.9500587544065804,0.9148686467455088,9702,510,432,433,688744405.2692,1407016541.54,0.02,716884736.1
Calibrated Random Forest,test,0.29,0.4732041049030787,0.4797687861271676,0.4764638346727899,0.95475910693302,0.9208269387018144,9750,462,450,415,702386152.140564,1336520040.15,0.02,729116552.9435639
Calibrated Random Forest,test,0.3,0.4803337306317044,0.4658959537572254,0.4730046948356807,0.9573051312181748,0.9242574704342332,9776,436,462,403,725982393.238193,1293259456.77,0.02,751847582.3735931
Calibrated Random Forest,test,0.31,0.4887780548628428,0.4531791907514451,0.4703059388122375,0.9598511555033294,0.9275977250157984,9802,410,473,392,735934748.9125592,1252477338.11,0.02,760984295.6747591
Calibrated Random Forest,test,0.32,0.4948320413436692,0.4427745664739884,0.4673581452104942,0.9617117117117115,0.930125485239686,9821,391,482,383,747347132.60531,1217092404.6,0.02,771688980.69731
Calibrated Random Forest,test,0.33,0.4986413043478261,0.4242774566473988,0.4584634603372892,0.9638660399529964,0.9335560169721044,9843,369,498,367,763440837.134565,1154824864.0000002,0.02,786537334.414565
Calibrated Random Forest,test,0.34,0.5035161744022504,0.4138728323699422,0.4543147208121827,0.9654328241284764,0.9358129457434324,9859,353,507,358,774312004.550312,1062154952.7,0.02,795555103.6043121
Calibrated Random Forest,test,0.35,0.5141158989598811,0.4,0.4499349804941482,0.967978848413631,0.9392434774758508,9885,327,519,346,792832545.260048,1018815023.26,0.02,813208845.725248
Calibrated Random Forest,test,0.36,0.5224358974358975,0.376878612716763,0.437877770315648,0.9708186447316882,0.9436670578676536,9914,298,539,326,822747970.891142,940834285.15,0.02,841564656.594142
Calibrated Random Forest,test,0.37,0.5231316725978647,0.3398843930635838,0.4120532585844428,0.9737563650607128,0.9492642412205472,9944,268,571,294,854835992.543202,843934637.6500001,0.02,871714685.2962021
Calibrated Random Forest,test,0.38,0.5217391304347826,0.3052023121387283,0.3851203501094092,0.9763023893458675,0.9543197616683218,9970,242,601,264,903509808.76294,792594366.2,0.02,919361696.08694
Calibrated Random Forest,test,0.39,0.5266666666666666,0.2739884393063583,0.3604562737642585,0.9791421856639247,0.9593752821160964,9999,213,628,237,933243297.915426,650753088.85,0.02,946258359.692426
Calibrated Random Forest,test,0.4,0.538860103626943,0.2404624277456647,0.3325339728217426,0.9825695260477868,0.965153019770696,10034,178,657,208,993982354.677521,502665862.73,0.02,1004035671.932121
Calibrated Random Forest,test,0.41,0.5562913907284768,0.1942196531791907,0.2879177377892031,0.9868781825303564,0.972736300442358,10078,134,697,168,1054237824.296738,379790521.76,0.02,1061833634.731938
Calibrated Random Forest,test,0.42,0.5950413223140496,0.1664739884393063,0.2601626016260163,0.990403446925186,0.9781529294935452,10114,98,721,144,1122067351.481855,286519861.66,0.02,1127797748.715055
Calibrated Random Forest,test,0.43,0.6298342541436464,0.1317919075144508,0.2179732313575526,0.9934390912651784,0.9836598356955856,10145,67,751,114,1154401679.322662,168384775.86999995,0.02,1157769374.840062
Calibrated Random Forest,test,0.44,0.6229508196721312,0.0878612716763005,0.1540020263424519,0.9954954954954957,0.9889861875959196,10166,46,789,76,1195242367.534981,106086486.8,0.02,1197364097.270981
Calibrated Random Forest,test,0.45,0.5967741935483871,0.0427745664739884,0.0798274002157497,0.9975518997258128,0.9944028166471066,10187,25,828,37,1231951063.287902,56612453.13,0.02,1233083312.350502
Calibrated Random Forest,test,0.46,0.6470588235294118,0.0127167630057803,0.0249433106575963,0.999412455934195,0.998465288435497,10206,6,854,11,1259631848.298852,10709882.259999998,0.02,1259846045.944052
Calibrated Random Forest,test,0.47,0.0,0.0,0.0,1.0,1.0,10212,0,865,0,1271047701.5045412,0.0,0.02,1271047701.5045412
Calibrated Random Forest,test,0.48,0.0,0.0,0.0,1.0,1.0,10212,0,865,0,1271047701.5045412,0.0,0.02,1271047701.5045412
Calibrated Random Forest,test,0.49,0.0,0.0,0.0,1.0,1.0,10212,0,865,0,1271047701.5045412,0.0,0.02,1271047701.5045412
Calibrated Random Forest,test,0.5,0.0,0.0,0.0,1.0,1.0,10212,0,865,0,1271047701.5045412,0.0,0.02,1271047701.5045412
Calibrated Random Forest,test,0.51,0.0,0.0,0.0,1.0,1.0,10212,0,865,0,1271047701.5045412,0.0,0.02,1271047701.5045412
Calibrated Random Forest,test,0.52,0.0,0.0,0.0,1.0,1.0,10212,0,865,0,1271047701.5045412,0.0,0.02,1271047701.5045412
Calibrated Random Forest,test,0.53,0.0,0.0,0.0,1.0,1.0,10212,0,865,0,1271047701.5045412,0.0,0.02,1271047701.5045412
Calibrated Random Forest,test,0.54,0.0,0.0,0.0,1.0,1.0,10212,0,865,0,1271047701.5045412,0.0,0.02,1271047701.5045412
Calibrated Random Forest,test,0.55,0.0,0.0,0.0,1.0,1.0,10212,0,865,0,1271047701.5045412,0.0,0.02,1271047701.5045412
Calibrated Random Forest,test,0.56,0.0,0.0,0.0,1.0,1.0,10212,0,865,0,1271047701.5045412,0.0,0.02,1271047701.5045412
Calibrated Random Forest,test,0.57,0.0,0.0,0.0,1.0,1.0,10212,0,865,0,1271047701.5045412,0.0,0.02,1271047701.5045412
Calibrated Random Forest,test,0.58,0.0,0.0,0.0,1.0,1.0,10212,0,865,0,1271047701.5045412,0.0,0.02,1271047701.5045412
Calibrated Random Forest,test,0.59,0.0,0.0,0.0,1.0,1.0,10212,0,865,0,1271047701.5045412,0.0,0.02,1271047701.5045412
Calibrated Random Forest,test,0.6,0.0,0.0,0.0,1.0,1.0,10212,0,865,0,1271047701.5045412,0.0,0.02,1271047701.5045412
Calibrated Random Forest,test,0.61,0.0,0.0,0.0,1.0,1.0,10212,0,865,0,1271047701.5045412,0.0,0.02,1271047701.5045412
Calibrated Random Forest,test,0.62,0.0,0.0,0.0,1.0,1.0,10212,0,865,0,1271047701.5045412,0.0,0.02,1271047701.5045412
Calibrated Random Forest,test,0.63,0.0,0.0,0.0,1.0,1.0,10212,0,865,0,1271047701.5045412,0.0,0.02,1271047701.5045412
Calibrated Random Forest,test,0.64,0.0,0.0,0.0,1.0,1.0,10212,0,865,0,1271047701.5045412,0.0,0.02,1271047701.5045412
Calibrated Random Forest,test,0.65,0.0,0.0,0.0,1.0,1.0,10212,0,865,0,1271047701.5045412,0.0,0.02,1271047701.5045412
Calibrated Random Forest,test,0.66,0.0,0.0,0.0,1.0,1.0,10212,0,865,0,1271047701.5045412,0.0,0.02,1271047701.5045412
Calibrated Random Forest,test,0.67,0.0,0.0,0.0,1.0,1.0,10212,0,865,0,1271047701.5045412,0.0,0.02,1271047701.5045412
Calibrated Random Forest,test,0.68,0.0,0.0,0.0,1.0,1.0,10212,0,865,0,1271047701.5045412,0.0,0.02,1271047701.5045412
Calibrated Random Forest,test,0.69,0.0,0.0,0.0,1.0,1.0,10212,0,865,0,1271047701.5045412,0.0,0.02,1271047701.5045412
Calibrated Random Forest,test,0.7,0.0,0.0,0.0,1.0,1.0,10212,0,865,0,1271047701.5045412,0.0,0.02,1271047701.5045412
Calibrated Random Forest,test,0.71,0.0,0.0,0.0,1.0,1.0,10212,0,865,0,1271047701.5045412,0.0,0.02,1271047701.5045412
Calibrated Random Forest,test,0.72,0.0,0.0,0.0,1.0,1.0,10212,0,865,0,1271047701.5045412,0.0,0.02,1271047701.5045412
Calibrated Random Forest,test,0.73,0.0,0.0,0.0,1.0,1.0,10212,0,865,0,1271047701.5045412,0.0,0.02,1271047701.5045412
Calibrated Random Forest,test,0.74,0.0,0.0,0.0,1.0,1.0,10212,0,865,0,1271047701.5045412,0.0,0.02,1271047701.5045412
Calibrated Random Forest,test,0.75,0.0,0.0,0.0,1.0,1.0,10212,0,865,0,1271047701.5045412,0.0,0.02,1271047701.5045412
Calibrated Random Forest,test,0.76,0.0,0.0,0.0,1.0,1.0,10212,0,865,0,1271047701.5045412,0.0,0.02,1271047701.5045412
Calibrated Random Forest,test,0.77,0.0,0.0,0.0,1.0,1.0,10212,0,865,0,1271047701.5045412,0.0,0.02,1271047701.5045412
Calibrated Random Forest,test,0.78,0.0,0.0,0.0,1.0,1.0,10212,0,865,0,1271047701.5045412,0.0,0.02,1271047701.5045412
Calibrated Random Forest,test,0.79,0.0,0.0,0.0,1.0,1.0,10212,0,865,0,1271047701.5045412,0.0,0.02,1271047701.5045412
Calibrated Random Forest,test,0.8,0.0,0.0,0.0,1.0,1.0,10212,0,865,0,1271047701.5045412,0.0,0.02,1271047701.5045412
Calibrated Random Forest,test,0.81,0.0,0.0,0.0,1.0,1.0,10212,0,865,0,1271047701.5045412,0.0,0.02,1271047701.5045412
Calibrated Random Forest,test,0.82,0.0,0.0,0.0,1.0,1.0,10212,0,865,0,1271047701.5045412,0.0,0.02,1271047701.5045412
Calibrated Random Forest,test,0.83,0.0,0.0,0.0,1.0,1.0,10212,0,865,0,1271047701.5045412,0.0,0.02,1271047701.5045412
Calibrated Random Forest,test,0.84,0.0,0.0,0.0,1.0,1.0,10212,0,865,0,1271047701.5045412,0.0,0.02,1271047701.5045412
Calibrated Random Forest,test,0.85,0.0,0.0,0.0,1.0,1.0,10212,0,865,0,1271047701.5045412,0.0,0.02,1271047701.5045412
Calibrated Random Forest,test,0.86,0.0,0.0,0.0,1.0,1.0,10212,0,865,0,1271047701.5045412,0.0,0.02,1271047701.5045412
Calibrated Random Forest,test,0.87,0.0,0.0,0.0,1.0,1.0,10212,0,865,0,1271047701.5045412,0.0,0.02,1271047701.5045412
Calibrated Random Forest,test,0.88,0.0,0.0,0.0,1.0,1.0,10212,0,865,0,1271047701.5045412,0.0,0.02,1271047701.5045412
Calibrated Random Forest,test,0.89,0.0,0.0,0.0,1.0,1.0,10212,0,865,0,1271047701.5045412,0.0,0.02,1271047701.5045412
Calibrated Random Forest,test,0.9,0.0,0.0,0.0,1.0,1.0,10212,0,865,0,1271047701.5045412,0.0,0.02,1271047701.5045412
Calibrated Random Forest,test,0.91,0.0,0.0,0.0,1.0,1.0,10212,0,865,0,1271047701.5045412,0.0,0.02,1271047701.5045412
Calibrated Random Forest,test,0.92,0.0,0.0,0.0,1.0,1.0,10212,0,865,0,1271047701.5045412,0.0,0.02,1271047701.5045412
Calibrated Random Forest,test,0.93,0.0,0.0,0.0,1.0,1.0,10212,0,865,0,1271047701.5045412,0.0,0.02,1271047701.5045412
Calibrated Random Forest,test,0.94,0.0,0.0,0.0,1.0,1.0,10212,0,865,0,1271047701.5045412,0.0,0.02,1271047701.5045412
Calibrated Random Forest,test,0.95,0.0,0.0,0.0,1.0,1.0,10212,0,865,0,1271047701.5045412,0.0,0.02,1271047701.5045412
Calibrated Random Forest,test,0.96,0.0,0.0,0.0,1.0,1.0,10212,0,865,0,1271047701.5045412,0.0,0.02,1271047701.5045412
Calibrated Random Forest,test,0.97,0.0,0.0,0.0,1.0,1.0,10212,0,865,0,1271047701.5045412,0.0,0.02,1271047701.5045412
Calibrated Random Forest,test,0.98,0.0,0.0,0.0,1.0,1.0,10212,0,865,0,1271047701.5045412,0.0,0.02,1271047701.5045412
Calibrated Random Forest,test,0.99,0.0,0.0,0.0,1.0,1.0,10212,0,865,0,1271047701.5045412,0.0,0.02,1271047701.5045412
